learner_type,accuracy,login_streak,quiz_time_taken,quiz_word_learnt
Average,0.6084099462371884,0.7946139109311042,14.305635095537223,35
Poor,0.010325360137441023,0.09559168867954831,43.772072104889176,10
Good,0.48736592660176165,0.809188085128786,7.358681790023184,56
Good,0.6841936429832023,0.8215311745765972,9.01025985657801,40
Average,1.0,0.849435435378221,17.487925538826293,32
Average,0.3442918993271162,0.703318667340255,14.188338792588167,44
Beginner,0.6927008834066098,0.43954193948132525,20.928923539589597,15
Poor,0.214279332182419,0.2723711404689627,30.640127116982168,4
Beginner,0.41114681362747285,0.6042065130507084,32.1499878867898,19
Beginner,0.31641628003456024,0.45094999476118935,33.887391344745296,23
Beginner,0.23354284181755203,0.2710539061668185,34.56444484153323,19
Beginner,0.7113632270445738,0.566081945185393,27.84543564700838,21
Good,0.7046825473735676,1.0,12.883370729030421,53
Beginner,0.7139634448637824,0.6136139040098125,26.441076310675754,26
Good,0.7312332531922099,1.0,8.048593099917378,53
Average,0.4762838269016225,0.6725221128920235,12.125536008935597,35
Good,0.8759389643988377,0.928855351910826,10.00877501042657,53
Average,0.49982035848622797,0.6974146124484866,27.760045479707376,42
Beginner,0.4003764078736963,0.37512260513114365,30.05281291842509,17
Beginner,0.558059709130601,0.5150014833385211,34.96159077154624,31
Beginner,0.4816271735530295,0.40098502772993805,32.83405363407939,22
Good,1.0,0.8543723087959798,12.760970021539586,52
Beginner,0.5887582422036421,0.4070513091114977,23.58699878429627,15
Poor,0.03312489403631545,0.0,42.223724475527376,3
Poor,0.24032541991788015,0.16306628234220583,33.766755133951094,11
Average,0.6023898042280947,0.839836439087374,20.417570635748667,28
Beginner,0.74701206921273,0.31641691776147385,13.371997390379477,22
Poor,0.0,0.21626775779020624,46.2009855444643,7
Good,0.825542511650663,0.8874012140732238,10.192841863993838,46
Average,0.4504996173185515,0.7156671820895782,22.86889752625913,41
Good,0.6449446396503346,1.0,10.744082263113324,57
Good,0.7133937169732318,0.8040267877820063,7.828164450106613,56
Good,0.6405141872937072,1.0,3.6407392394372717,56
Good,1.0,0.764968157801538,4.6722345729710035,52
Good,1.0,0.8305412156923196,11.602241664551103,52
Poor,0.18322698474834292,0.10889011994124512,25.768816923544442,14
Beginner,0.6119620824095338,0.36316024788215506,28.16804394354439,21
Good,0.9144642701539835,0.9915999347538264,13.134786512128898,49
Good,0.9668192559565791,0.874473376826119,7.668458143059232,56
Beginner,0.41284693993812716,0.3787168410038556,27.165474655503196,21
Average,0.27993094815864444,0.8435527944551928,28.368701391317877,35
Beginner,0.4243458814232038,0.4599424843834008,33.09393780472671,12
Poor,0.20158492981623877,0.11350341443977026,39.116627668078394,5
Good,0.9648935592666529,0.7657972392577886,9.663701283358428,50
Good,0.6863977329629056,0.8912612865564826,15.358916041949175,38
Good,0.6664546936938677,0.8660164712050157,12.616676461996935,57
Poor,0.24501000749735916,0.2388229699817631,38.78498539992334,14
Beginner,0.20750289287375584,0.45480385903947407,36.123813497234046,17
Poor,0.0815111486518082,0.0689781286065813,32.71315875932038,5
Poor,0.0,0.15897787678270425,39.835037770873775,10
Average,0.7171588623093095,0.839972545039394,21.573482392659006,41
Average,0.8893068248831388,0.717725170900499,23.37518630741313,30
Average,0.39400514034734335,0.7140597179369816,17.077803270114753,41
Average,0.7091479662931015,0.7283706751528038,24.034751210799346,41
Beginner,0.5208020803959497,0.6159534383600638,35.01954503329617,24
Poor,0.1501681190909291,0.0,41.78941096359295,8
Beginner,0.510453581624455,0.397019024760847,29.494864277588565,18
Beginner,0.8527269654969782,0.48850972801916515,29.028649306735065,21
Good,0.7864811821376214,0.8241555029473087,9.135906691706172,47
Good,1.0,0.8610089715820897,17.510446633274093,53
Poor,0.1446002124567298,0.054422685630826736,44.05068530459262,7
Poor,0.22067734340026057,0.0,38.92143997343578,11
Average,0.8023919227799121,0.805278185371828,21.243118657261192,30
Beginner,0.5450988809925923,0.34723707401080933,30.854005058547653,17
Average,0.5111374554438325,0.8081417542384932,17.15366532473101,37
Average,0.6407831722897085,0.7210210993155306,13.173076716299901,29
Average,0.693090503978843,0.6138480923431522,20.38410115979875,45
Poor,0.008469976319794681,0.0,32.84630411961966,12
Average,0.15853502142388698,0.6812146274730305,20.497912341610984,35
Beginner,0.4538527218469475,0.5246324454565919,27.368503044068316,27
Average,0.7124613333502434,0.8897416095378465,26.881210829608882,30
Beginner,0.6129672118271692,0.41926844542361713,27.840979939072543,23
Poor,0.027283623298748158,0.10354243291924337,46.56296041285411,1
Poor,0.09909229546236657,0.0835717025520494,42.286671526072226,9
Average,1.0,0.5829245827318662,24.387902239715142,38
Beginner,0.606190077747275,0.49959780668348097,29.57438545741347,15
Poor,0.08990579785561975,0.0941747516637401,42.09126371846298,6
Average,0.9673083109350726,0.7347913081561209,18.907487920817047,36
Good,0.9132327820856756,0.9215872708996509,11.223813240220775,50
Beginner,0.40447382328715387,0.6250527876315768,37.12622594703102,26
Poor,0.13280311552417018,0.08213622452256439,38.56326063279622,13
Good,0.7898846636538406,1.0,8.691872024318153,51
Poor,0.015167358361989777,0.09510701730398086,38.472438151711216,10
Beginner,0.3449904128047705,0.6775738213879754,30.526790430219975,24
Good,0.6195844334218898,0.8909870087369132,8.165792366395173,49
Good,0.462595079627008,0.9056769379544116,11.802762785402235,47
Good,1.0,0.8080350575204214,7.768444636361167,51
Poor,0.0,0.25223095769724163,40.09417906039715,11
Poor,0.0,0.219665915892095,50.56569022132203,6
Average,0.6925057356591846,0.7660280216589619,29.968465148608406,32
Average,0.363125923728601,0.5098624748225142,17.043373002911242,26
Average,0.5784667135651241,0.7382265981475928,14.269443648870269,25
Good,0.7259804229156412,1.0,1.7397514009367754,47
Average,0.548384090238279,0.5892235919798008,18.607474938504698,33
Good,1.0,0.5905338261729901,11.252443441296077,58
Beginner,1.0,0.644218600061463,23.467365648084524,34
Average,0.3141318818169081,0.644795939964883,25.57026501144106,34
Average,0.33053494040261705,0.7014352806878262,14.051108586785865,38
Average,0.3903647215371471,0.8119419073348586,16.742053634346092,31
Good,1.0,0.8783632689090707,14.2072093544218,49
Beginner,0.35100938094233525,0.4266279816337567,39.137163153295056,25
Poor,0.0,0.23952777982791693,40.217603902025225,15
Poor,0.18308973957368907,0.12733235557827757,40.59075957034685,13
Beginner,0.7401263774322211,0.5404359086987636,34.64690623261672,18
Good,0.8448206351201427,0.9406017169531824,18.923779777650026,55
Good,0.9690494784654151,0.8037111958012005,8.004943342753297,48
Average,0.8006367593328003,0.9560626285940872,9.55517136897073,32
Average,0.8132412416113811,0.5235913684939053,22.406312439360022,42
Poor,0.13317803946468804,0.022601403445561608,40.321991099528425,5
Good,1.0,0.8814185077741832,14.869292633482997,56
Average,0.42015886297385824,0.5741489350600681,27.88857673230308,28
Poor,0.15947629619655998,0.21570847641334417,42.28677230089971,14
Beginner,0.31532786641739163,0.40132366446377354,35.774234487917646,20
Good,0.932465185548746,1.0,3.7267803386977336,53
Average,0.6013338361010842,0.7843261240260846,18.483842718943738,36
Average,0.44175589025706374,0.8370431424279741,17.825196248060458,38
Beginner,1.0,0.5061951429329923,25.07959134004618,18
Beginner,0.6381087394933346,0.39293251104623317,36.13266638528236,22
Good,0.6705897065127625,0.8587470030625527,8.692860908683272,51
Beginner,0.6092238901463607,0.39833229516031954,27.860233977999943,19
Beginner,0.8251506861012197,0.3766860969473401,34.79049944582588,18
Poor,0.15836438044502496,0.13076613474868776,37.86311249242843,14
Beginner,0.38957874088593125,0.5694512389285391,32.982885780465274,17
Average,0.46189274093949473,0.6622691077298045,11.342315883142433,21
Beginner,0.7763049696135469,0.27491451659914734,23.448464202502407,20
Average,0.7744783879092907,0.7942857530388021,9.547528463622438,44
Average,0.44686058871509154,0.5873603844948685,23.47415718614047,35
Average,0.7243703065405129,0.6285688932797947,21.608073451661298,45
Good,1.0,0.8411667055553191,10.9716330054516,46
Poor,0.1612838185347611,0.0,41.935454082404874,18
Poor,0.08107724465056734,0.14475229232288017,38.06427237455252,7
Beginner,0.7759211562248987,0.5922774303358673,27.64846498652812,33
Poor,0.03812526956929847,0.10152874555563751,34.19356836771104,14
Good,0.9653798311865016,0.7074470560815642,6.815563282055939,51
Beginner,0.31073503841526356,0.29873078555262056,35.75268065233381,14
Good,0.9713123622272959,0.6934340318240917,10.003137435297404,52
Good,0.6903434881691398,0.9299117031520007,15.88989869906112,43
Average,0.44295982543239887,0.6055230335123797,20.870535248511793,38
Good,0.9026922430518758,0.9356492917130709,11.106925645649474,47
Poor,0.0,0.1906270394610765,42.588832785179385,8
Beginner,0.404533586204788,0.3537649709509064,25.936168822631217,21
Average,0.3947372845404955,0.606718022920586,20.364030297677886,30
Good,0.6818300496197296,0.9842008827211941,13.588772844340314,53
Average,0.7167470067371446,0.7593411845847546,20.704533232580015,29
Poor,0.14593113457311707,0.024036672775324952,41.246139033987426,18
Poor,0.22281392764373087,0.07757745624593429,37.36496173956393,2
Poor,0.16410219583229396,0.28768509280921206,34.0188753652895,8
Poor,0.1856847266558019,0.226534315763413,40.679970274862704,11
Good,0.8602686048999341,0.7446421125309228,10.348102972974157,53
Good,0.8810495640677815,0.6607610720462688,12.794845288663423,47
Poor,0.27144743838625185,0.008385991442192459,51.56894964663756,12
Poor,0.233548673910874,0.22412508442560153,45.55907890306092,10
Good,0.8494621640696338,0.8302566183714319,14.168911367192036,49
Average,0.7343909799121456,0.7451612225786053,16.758001796279075,41
Average,0.35617258439255806,0.8014697486439909,20.25993938998841,32
Good,0.8112025962215559,0.8832671236679723,13.029752238433861,52
Good,0.6540729056152974,0.7902847170804349,11.597873520773874,51
Average,0.7311568162451478,0.8861559573631113,13.634865283929095,30
Average,0.6778356400517103,0.6530315087713525,21.246969699402914,38
Good,1.0,0.8022582171331918,15.838930590526441,39
Good,0.5445221855501701,0.7896608247722917,11.282507190155217,52
Good,0.7036573014091814,0.8454922563966931,5.631115356246811,60
Beginner,0.3472837188534118,0.21665746478629286,39.61645151917142,21
Beginner,0.39537203997380094,0.5032356829899767,28.004097932748873,16
Average,0.5576346686528527,0.6404954958422219,16.873487209358068,29
Average,0.9836462601098667,0.7719010389249967,22.855613156715677,38
Good,0.5339994427327859,0.9721336666630083,9.009369748365238,51
Average,0.5802893272013502,0.7739668699574133,16.404601054403262,36
Good,0.6167072962694776,0.9383904365308021,8.611664125359566,47
Poor,0.0,0.07114855930375143,48.17289890722231,12
Poor,0.10693136993022587,0.35955343188654504,44.34157245810927,11
Good,0.6273753168052805,0.7840002494723011,15.013259614760981,53
Beginner,0.5431828656505326,0.5641744714046989,31.577229444646367,30
Average,0.518863115840503,0.7265531173614039,22.848891056219852,30
Average,0.3165266198806125,0.7637981840861041,14.113420134034888,39
Beginner,0.7365886229858625,0.4623486694157001,24.598697270648906,19
Good,0.7506408753927402,0.958281283866496,17.113183256569748,47
Good,0.66533882060311,0.9803311710222451,0.0,47
Good,1.0,0.7870854669366187,10.790827537279027,46
Beginner,0.7760235063978025,0.4293770619003537,23.813720474310962,14
Good,0.7250633811511583,0.6709817509323531,4.1119487101785515,49
Poor,0.18368505950701558,0.029850855093415146,41.54202941371105,10
Good,1.0,0.9082188547836314,4.16256564725178,49
Beginner,0.3947467716763975,0.23251361244986019,28.14336062214317,10
Good,0.9764229459831881,0.754541516437086,2.087548487923251,46
Poor,0.15761739978483114,0.1500609076725014,33.09478303808435,20
Average,0.8230613696013094,0.7059759810895737,14.042670676537426,33
Poor,0.0,0.2753258583031083,38.831899422659404,9
Poor,0.22080647131582554,0.10571627477235052,44.689267113972235,5
Average,0.2225012365339823,0.6977082405088235,23.989527593673742,36
Beginner,0.6293710709426918,0.5464853938442523,24.22209914656288,14
Average,0.5725151502445565,0.6819262683359019,13.80324064994542,31
Poor,0.051000295219961835,0.18659620205922536,45.222568614470326,13
Good,0.8300777894313507,0.8788391376896831,11.326260405198422,54
Average,0.8030464692051762,0.8699737310272904,14.580794957965566,40
Beginner,0.8938317284014599,0.600441185502502,26.390842486645436,12
Beginner,0.37865586324027456,0.20552649449205235,21.943239059465007,24
Average,0.7206018235001561,0.7501303257370097,24.194574941502314,36
Beginner,0.3639780385685012,0.33044330230889996,37.4498954258739,19
Good,0.3795092939423803,0.7144733725515424,15.602398774094775,48
Good,0.9502552773183969,0.8031118052918195,8.833268189081526,54
Poor,0.04890971455987986,0.2223890987859423,39.22113701752211,9
Good,0.6687417830989493,0.7641895666787748,9.880136101435637,40
Poor,0.12559904634676688,0.09818452627200616,39.70077660818404,11
Average,1.0,0.9681309579086492,18.90697002164414,34
Average,0.7816650533686545,0.6700641477600822,31.274874463441826,32
Beginner,0.9077378358280442,0.44462771128016954,37.32813147569494,19
Poor,0.0,0.28233955918526465,43.12787801158767,14
Poor,0.0,0.2527814966490334,45.571762641593594,11
Poor,0.0,0.10846743116939397,37.27598985260826,0
Beginner,0.6012150767859645,0.4332598185997018,30.672216004821976,30
Average,0.16387806366618923,0.5897783732423787,16.223687889620216,37
Beginner,0.5141967002914856,0.5046601716023109,39.66998171203492,13
Average,0.36378174482170295,0.6272530282275386,33.46561804495583,40
Poor,0.0,0.09077730290196444,35.76839112710546,13
Beginner,0.7736706913098297,0.38968568807784065,35.0314570956334,24
Beginner,0.0,0.2848860478003421,34.38092790852275,18
Average,0.3991761453861207,0.7475170371488074,20.05820476294594,31
Good,1.0,1.0,9.667169949526112,60
Poor,0.13307050319291272,0.08927376283587568,36.605415812493185,11
Average,0.6926339975392982,0.6902974485088045,17.475885890434892,41
Average,0.4214683292186947,0.6295760512748596,18.751866886530898,36
Average,0.47866142704249476,0.6912436587456782,20.073341557189757,35
Good,0.767105414497778,0.948080144133472,9.75697432539673,43
Beginner,0.4092178966934539,0.5261198658078222,26.23707096199258,23
Average,0.6840024560687522,0.6555615612778779,23.032058493745534,21
Poor,0.020790065688416293,0.0,34.12129941875659,10
Average,0.7644968571346278,0.5916554250132298,12.6998563974567,26
Good,0.6163204168966449,0.9086085000477088,6.000382283335748,33
Beginner,0.02594201976148136,0.5999050190725197,29.05607006753015,32
Good,0.8766102498955861,0.833650305633866,15.138001929021598,44
Poor,0.1600293172104782,0.05383166594153209,42.22619856638718,12
Beginner,0.8235767874986799,0.47216369855805856,40.31536042248983,18
Beginner,0.0,0.5605776330132808,31.986450365024414,21
Beginner,0.40774406382213935,0.20709140794611358,29.807841948251934,18
Poor,0.3096612429782618,0.35393223471503643,35.19762557949282,16
Poor,0.0,0.081155871746667,44.71279622493849,12
Poor,0.07993760857207018,0.05305256775197331,35.22390570359265,8
Good,0.8023254193024215,0.8723832393793981,2.813235265491012,42
Good,0.8448171633675338,1.0,12.566216347627284,51
Poor,0.0675478775615866,0.13281707554138367,44.27072320722623,5
Beginner,0.6076419242147756,0.22465013711079773,33.59461351929164,12
Good,0.7151496030395174,0.9931358340205334,6.026307904678156,52
Poor,0.165265105842833,0.27531520769839474,41.56726005902205,13
Good,0.5524468084820543,0.8119510446511831,12.80550867305714,57
Beginner,0.7041618646927054,0.4417263938906411,35.91761596250872,17
Good,0.6125386760855562,1.0,8.31606195718223,49
Average,0.7438313525936217,0.7195787688607413,14.440249039426494,50
Beginner,0.3410281344811229,0.6295089881584262,20.721834991105823,20
Beginner,0.2000125994041011,0.6020295907062766,31.25230624205569,18
Good,0.8518650552933894,1.0,12.034807928221682,49
Poor,0.007729175331029334,0.056304275079688965,38.74394368965219,6
Good,0.8587395263333849,0.9226324823808039,12.598762872923547,45
Poor,0.08404339039816978,0.12412742227029161,37.4838233805479,5
Average,0.42469447087438117,0.7069464807547239,24.91851965352285,33
Good,0.6365180282180029,0.8238026914673264,9.47569192505594,48
Good,0.9866204390515634,0.8952124940750552,6.699230469241106,52
Poor,0.08437018546629242,0.20712343211201423,37.49850130999396,9
Good,0.7073028695804103,0.8355110566076801,14.037748692655008,49
Good,0.8128885585156336,1.0,13.121210664637232,45
Good,0.506065020496377,0.875290691388307,12.979081329551718,51
Beginner,0.4516890044878879,0.373228988582046,31.599806454779923,16
Poor,0.2742624160510867,0.0,46.446430669034456,11
Beginner,0.3464173446471696,0.30184673055891803,37.18043998731075,21
Beginner,0.8196030366853192,0.5361033929769953,28.855919170732488,22
Average,0.583975504448192,0.7085997648717701,29.20994905752112,36
Good,0.7136554175054038,1.0,12.05663227690303,51
Poor,0.13432372076793303,0.11055734358689909,35.19877482804234,7
Poor,0.172691514219097,0.14389860447731995,35.777001550299865,9
Average,0.6095016096788832,0.7894076569784202,18.024494869994395,31
Good,0.9117410234052338,0.8391524885562409,13.367461335765267,48
Good,1.0,0.7915048087947077,7.193619183836081,46
Good,0.9070641947515787,0.8771247707034598,9.646919760145463,54
Good,0.693555658046357,1.0,7.280257522873647,42
Average,0.3724763109579617,0.7807362765263531,19.427997182216316,36
Average,1.0,0.7267288749005877,23.82944137595767,30
Average,0.971135201031251,0.831883119303374,13.278625649978052,26
Average,0.4915091371921576,0.7830780821753072,26.726059105419964,33
Average,0.7037560054041478,0.8516514477725639,24.5354733856461,36
Beginner,0.5916965903237978,0.579454821027949,25.873381577366292,27
Average,0.14515404301376178,0.7572256309712054,24.189374307162087,27
Good,0.4836540528654101,1.0,9.980554422043504,48
Beginner,0.2821219217001272,0.3889901766663404,20.72803035752233,14
Poor,0.021838095061328666,0.0,35.13565814144794,17
Poor,0.12413351620525064,0.10192482596528851,37.675707450166186,7
Average,0.7021869674825068,0.7648783779276146,20.751182025265717,39
Beginner,0.518298098012252,0.28976828904538077,28.96550804979154,9
Good,1.0,0.7995442528687924,16.352362538965785,57
Poor,0.05057838891089948,0.1369212185743666,43.411632596230206,13
Good,0.8515391874062664,0.8869367220572213,5.089621484833311,50
Good,0.8781539805412928,0.8606200589045695,11.089187610035278,47
Average,0.824078345288549,0.6463158488857691,14.246857329916516,30
Good,0.7985026935377852,0.9013126274030211,2.6189899464106876,46
Beginner,0.7347740841990238,0.4304372550744672,24.41904015812622,18
Beginner,0.6284485119681449,0.3525155348655171,28.654861320672165,30
Poor,0.15703998979578632,0.22088884649068868,40.59811200905753,12
Good,1.0,0.7592701611506716,6.598033055155982,50
Average,0.2984039715340975,0.7460205953137371,18.63739873738416,32
Average,0.89845248818479,0.7014012291676631,24.737427795814945,28
Beginner,0.38268782476635194,0.5000667196393177,27.310207761062745,19
Good,0.7500655852796841,0.7778117205434895,6.3155336618233635,50
Poor,0.10760941057503307,0.0342864337165904,47.32481207478476,6
Beginner,0.6840138330625286,0.47263209412879265,28.936537741613787,20
Poor,0.01603672262656039,0.0019111119106994257,43.32621483715813,8
Good,0.7796440675319272,0.9384341219554109,0.5516422796459342,44
Good,0.6891518682771591,0.7609133549499358,9.487672746740317,53
Average,0.6423737426659845,0.5476474563156096,21.004603105076857,40
Beginner,0.12672592041612124,0.35207119856277397,22.889830389534637,24
Average,0.6164071578857098,0.7035906424445117,30.935704457559645,28
Poor,0.0,0.21865797219181526,29.67245808706226,14
Average,0.8593024546841235,0.6724417040967187,14.156596828199202,30
Good,0.6893254926371678,0.9159008897750587,8.854374035893287,50
Average,0.5858378220034175,0.7915601732385859,17.948582466977587,29
Average,0.42303547741486025,0.63685469978275,14.662690375980592,44
Good,0.7601077646982743,0.9233300625234274,11.166025233419592,42
Beginner,0.6698221030288765,0.4399022557686276,26.278150383068414,26
Poor,0.0,0.25641651167863105,40.07938960747866,16
Beginner,0.713669422257502,0.4217949242598264,25.899855167168784,24
Poor,0.005120690378736331,0.0,39.735521046109426,20
Beginner,0.5474405390299568,0.3387500178123297,31.86404271068234,21
Poor,0.2573721242080472,0.24086717576861194,37.87535858942676,4
Poor,0.24939888491081486,0.016116752866427886,44.73701532403702,2
Beginner,0.19960704446384248,0.48341693931050217,27.7868852347523,21
Average,0.6732637773981381,0.7081329661991915,20.8062264712173,40
Beginner,0.5384395327160904,0.4244005618500258,28.51730905839305,29
Poor,0.1555587617564008,0.1386610187746428,38.37264977194003,16
Poor,0.07465686288165345,0.0884808918412325,31.229058531883556,1
Poor,0.12315357861006013,0.2033898771537909,39.957102612149,8
Average,0.32365903958035497,0.6412104089460504,20.812872157522058,28
Good,0.7148044859853715,1.0,12.602769129978459,46
Beginner,0.6652785008915876,0.42720743620547447,23.88128080020915,13
Poor,0.11485020513696295,0.16369007041209166,35.62059668401662,8
Good,0.6714398962588751,0.7409114349076679,12.28073522201794,43
Average,0.777990550991126,0.5604574468552663,18.34087202404831,33
Good,0.7938684251777137,0.8642143667136626,13.834108942305452,47
Poor,0.21846380481090644,0.19214875124135283,42.785777531707204,4
Good,0.9119127533326779,1.0,1.0661333486957076,61
Good,1.0,0.7839831473190196,8.272170752817576,47
Beginner,0.7115785175962026,0.4765117734533088,27.86849929777066,15
Good,0.8423082749062881,1.0,9.78346963855329,48
Poor,0.0,0.1995606178933911,40.3581383366058,3
Good,0.9077692652612708,0.7120361790811092,7.830521190370472,56
Good,0.9244498154055244,0.7735963415136816,6.05917649970811,51
Beginner,0.27588334587227015,0.515895756954009,24.118357763300196,20
Average,0.4462599638554336,0.6915160290437452,24.836116086183164,37
Poor,0.0,0.22698924280231858,40.01214340667957,10
Good,1.0,0.7360348170748636,4.103338998494887,60
Good,0.5234323306773074,1.0,12.441641726291511,46
Poor,0.18831654289337169,0.17373368228892305,46.98603640848786,11
Good,0.5615641426424152,0.9552308179185913,4.697226024863001,50
Average,0.7986073242843079,0.7522501223656735,19.59815506600939,35
Beginner,0.6098782037011767,0.39915630194421464,23.67363635333711,25
Good,0.7425517091221281,0.9591113537297525,11.194284861961112,41
Beginner,0.6253758857961184,0.564335486157704,29.705138882812612,28
Beginner,0.31046229324747576,0.3336358717339306,34.58231681878206,16
Good,0.5575138198429914,0.8329304855307157,8.678378664699634,43
Beginner,0.6653737437933906,0.29306329705920786,27.76544591964503,22
Beginner,0.3543902559629485,0.422159288443597,25.0740075836103,13
Beginner,0.6907601077147936,0.5123849205797222,26.008604324810175,14
Average,0.5482404541622043,0.7749121382112777,19.677013607754425,36
Average,0.6561012678328124,0.6422772500881545,27.23999615594787,40
Beginner,0.4716755930735687,0.517276367428777,31.876901639552354,16
Poor,0.03140171181906558,0.3088647723389167,42.927387768198585,15
Average,0.40742912810497045,0.8362776272991589,18.289081617020194,39
Beginner,0.2569978104745122,0.510320143071557,27.22215128954269,17
Good,0.6188748216231609,0.8477239525627965,11.152005091262268,43
Beginner,0.39049034671431787,0.4521127316974466,28.824282617324805,30
Good,1.0,0.81231476283354,6.687613640668734,44
Average,0.4247122446832239,0.5027033367501389,20.758730312049213,41
Beginner,0.4914088053011123,0.5310870060964182,23.93634295289233,18
Average,0.5349001674296909,0.6419389451110653,22.60667553716802,33
Beginner,1.0,0.3640398671670723,27.61923839356783,21
Poor,0.05931771189131088,0.0,43.31230346593377,11
Average,0.9267657590665965,0.8904309194893103,34.109407127950305,39
Average,0.5585252255074005,0.5618658105159426,24.285080271811886,33
Beginner,0.37037701254148114,0.3741116771510471,24.965098973781014,20
Poor,0.3069825889191806,0.003349714586204533,43.2919751031025,6
Poor,0.0,0.11727088243312114,31.002543919192288,5
Average,0.8826612352240646,0.7188993888490989,19.25753334985478,30
Average,0.40581012717710074,0.783809558817574,20.739437825995445,34
Good,0.34866848872133605,0.8789092790665123,11.562862960089333,49
Average,0.44436701785621546,0.7980434257795871,19.100632164261693,38
Good,0.4669380589317957,0.7838784496448322,2.690093410925809,50
Good,0.5105841000470639,0.9166398284002961,7.514957389383868,52
Poor,0.13586239931162541,0.12862727803077667,40.482848359947,16
Good,0.5335985205872233,0.7424582490323486,10.781265861417358,52
Beginner,0.3621410940080643,0.2860368711733243,29.927758305500976,28
Good,0.4018422706452483,0.8865298746117093,12.548811011409219,53
Poor,0.015316682930645253,0.04885198195973335,41.51616127731991,12
Beginner,0.3137906780720218,0.2047388131532217,33.745360415129994,8
Average,0.5543590948654762,0.8389001065683892,13.04705248772244,35
Beginner,0.6814390051869603,0.38183091565688715,30.3217405144801,17
Beginner,0.3879492674778089,0.6276986222783625,34.934789636965526,10
Good,0.5818646431737566,0.9705193763766106,8.231130700513587,49
Good,0.5953301057124732,0.8191865971998933,9.460860005000521,40
Beginner,0.13002774399352185,0.3104151617138935,28.490788301690152,17
Good,1.0,0.8925044471335376,13.433539768104284,34
Good,1.0,0.8546157704437239,11.007070763177081,48
Poor,0.20182014522252098,0.14471589202369944,38.08991652293978,9
Poor,0.01652561786349556,0.07096862040952275,33.608828825570555,11
Beginner,0.5581127736245679,0.48604015357828784,21.751566164350976,20
Average,0.8278345247732677,0.8574921452581806,19.48963007936137,35
Poor,0.13248496370655924,0.00968247269120151,38.27128041748928,0
Good,0.8943287905565198,0.9172968453855322,19.954347923424045,48
Beginner,0.2730870096219845,0.4126068846741829,30.88748511437718,23
Beginner,0.8928750765522632,0.5486027983585914,23.939444210468313,15
Good,0.6893948206148783,0.9732393221478965,8.389867736439546,44
Poor,0.23213578565651763,0.11737052248094529,42.47323621897726,1
Good,0.9239408016926283,0.9279448932141081,0.0,48
Beginner,0.7080762049266849,0.47812524359326697,37.654309489026026,20
Beginner,0.34134736649610786,0.5258499189704909,33.94924663273625,27
Beginner,0.49684613062333516,0.5823761201300046,37.126796182780105,18
Good,0.742989973130496,0.8526895094282073,17.334868092372204,51
Good,0.6308617839080964,0.8799381815592245,18.453312001035915,53
Poor,0.38947704552421447,0.13208564376219442,40.31378107809108,13
Average,0.8480778634347304,0.8193526749380557,13.403314482578303,42
Poor,0.19137272179929915,0.09859733218514216,44.8774872757742,15
Average,0.48187761193019896,0.6883455933199714,14.301989601001775,39
Average,0.46124466880629156,0.6169753863017721,19.51360084151703,30
Poor,0.0224855250979199,0.06298300146734676,49.64900679333144,11
Poor,0.10709560426068467,0.14826929711096992,38.298415480038656,16
Beginner,0.46264133109482575,0.40045278925578187,33.910695859034625,19
Beginner,0.70560460494831,0.23602674319960634,30.802547012075244,16
Average,0.9643187764252119,0.5736944452608312,23.58456163835958,35
Average,1.0,0.6825066601769922,24.18443705279087,28
Average,0.5067323288092299,0.7005552214051346,24.051470482288817,20
Poor,0.0,0.17597362686712467,43.307351955813566,9
Beginner,0.4026315137309461,0.5313966586470933,25.37742611426767,20
Poor,0.2572142311675151,0.06145068780016694,36.17161798738441,9
Average,0.6124105683123704,0.7619526506015782,14.341893740100069,37
Beginner,0.5951107993043533,0.4765262207784396,27.50881603329211,17
Good,0.9461605887905356,0.8033786085578766,14.341509746120254,52
Good,0.6732136588767135,0.9657944545477892,12.882175870810839,52
Poor,0.020353871755259156,0.1754926167278104,44.171228120037775,9
Good,0.5184257869262003,0.9631345944210422,0.3371583320971503,41
Average,0.8352145064301508,0.6555529797542036,20.048627271935555,32
Poor,0.11160095978505813,0.2522466426630684,35.28694426584777,13
Average,0.7504732961843145,0.7194045431021564,15.513223248747162,34
Poor,0.10148703940964696,0.03472478913646032,49.88108738864621,13
Poor,0.063537885757746,0.0,41.52776748070465,23
Beginner,0.4875740330599645,0.5326446807550265,28.828661363376398,22
Average,0.8358172451848573,0.5794918636286384,15.091310674539773,34
Poor,0.13069350805696953,0.36317946362461734,31.49662742159788,8
Beginner,0.20372522768757922,0.4566070576388137,24.671477466221894,12
Good,0.9974248706593372,0.9662485384643421,2.4124717165784144,53
Poor,0.03204430537938717,0.0,39.95161743300639,8
Poor,0.0,0.18112082380357947,36.28478865251223,6
Poor,0.0,0.02037120126131249,38.31605241206913,16
Good,0.8748305151001265,0.9185358405533846,11.653511581042249,50
Average,0.8464287256075897,0.7435904891474536,17.703652002227507,33
Poor,0.15232337410771457,0.29264833385932454,40.68071644068741,8
Good,0.7020290761637108,0.8415737274160333,9.313551159630018,49
Average,0.7116657250024991,0.8000297197734456,22.8275505064764,41
Poor,0.1284497340682784,0.120639511232661,35.330582460775794,12
Poor,0.0551237408892942,0.24605110909877023,29.918096181508588,10
Poor,0.0,0.13593797893636236,38.95982658567645,9
Poor,0.0,0.1918336868132568,46.09535009597124,15
Poor,0.0,0.344470640368711,48.04769428753455,15
Beginner,0.6933594351664216,0.5177511553095692,20.2048645295937,26
Good,0.8229079218416346,0.8348832823595896,13.798134209509183,51
Good,0.7950472392768282,0.7116012992066558,11.634875634243333,55
Average,0.6240462153864896,0.6757368553365155,19.114059037630195,41
Poor,0.02398371846907414,0.0,37.96263681571874,8
Beginner,0.5482100777794308,0.3574840031901335,19.734443892031205,17
Average,0.6077282184297391,0.8101286731387332,18.027542362349728,36
Average,0.5188876921711643,0.7224285968038089,21.333950886767067,33
Good,0.44918546383972763,0.967465175191544,5.364371261335652,42
Beginner,0.6520777586008044,0.4348836417502375,35.345855010100756,20
Poor,0.18691203491983227,0.07725571667757172,38.48006932477971,19
Good,0.8811132865675306,1.0,8.315650064151267,51
Good,0.9483587963941827,0.7602264300969384,7.687350660784681,52
Average,0.31129376174850376,0.6737284962296205,14.865498750158682,36
Good,0.5750022655457259,1.0,12.059176793719516,52
Poor,0.0358167660988659,0.11866020481494739,37.462164246412904,5
Good,0.6788123396472993,0.9352267376661111,10.687394910304054,57
Average,0.410574375490444,0.7139599312542866,29.74671374682425,38
Average,0.580926730019054,0.6559979439533934,14.132540867883055,31
Good,0.6586483474399029,0.9511472599853463,12.341336776928424,45
Beginner,0.5434032963819554,0.3566285086306202,21.971695343407273,28
Poor,0.23975041602322322,0.0,45.896286124568796,9
Poor,0.08168219451848713,0.0,47.08460521117964,12
Good,0.7772131712137279,1.0,14.458872058350666,54
Beginner,0.5147729016075441,0.5424112772200451,28.903988362846835,17
Poor,0.2033243116348919,0.14939265915087635,43.428792297693725,14
Poor,0.13769806975153745,0.22586471272470085,35.958599696102915,13
Poor,0.006368848199932137,0.0,43.85594860003873,7
Good,0.8673034129260433,0.6855957833987935,6.847110021450239,53
Good,0.9004289002611245,0.7482616301085268,10.181044298088063,53
Average,0.5881846934126047,0.6754596149271108,21.325144156452865,33
Good,0.7165898186263782,0.8484773029497179,11.235429522368467,58
Beginner,0.3394177618519989,0.3653451402363711,28.500709013125423,14
Beginner,0.46813630631058034,0.6092098343995823,35.21320798044941,15
Good,1.0,0.8372999308912454,14.756192496399638,51
Average,0.506051043415741,0.6483485883534514,20.193793616869932,36
Beginner,0.9002342099428369,0.4585948198661739,36.758381957289046,13
Average,0.6439326690140684,0.6050851682015163,13.509306472893861,36
Average,0.6595688138701091,0.8486567159003167,15.404650089308817,36
Good,0.8238383355438332,0.9473953496773405,5.2484369544711305,51
Beginner,0.6927845160368902,0.42331174307210434,37.729197933902086,28
Poor,0.20210271400096458,0.12251766236907136,47.49024547229616,9
Poor,0.05527582489405417,0.12255607625430638,36.72673394242467,15
Average,0.6915498125631605,0.8090701186826273,20.788818614422325,38
Average,0.5754951222801933,0.7285136757017898,33.75954303532134,43
Beginner,0.7790160293807422,0.39177503351862536,27.65944121929422,18
Average,0.9072233992816334,0.7499521231147812,26.493340888778683,38
Good,0.7597785965325777,0.9697592257434371,4.660781825313471,48
Beginner,0.2578393230785144,0.4795156108348246,31.56978971470924,20
Poor,0.2102487994431898,0.0426690992690769,43.791462544790754,4
Poor,0.0754314996302084,0.18718209204321948,42.2203650988829,12
Poor,0.24191133880599802,0.16295695549527997,43.44273497497859,17
Average,0.6839991166561776,0.7252152447646857,19.746841243304246,33
Good,0.8117651815780067,0.8682673450185787,9.367638400020539,53
Average,0.7474131295476412,0.6722967379870709,23.849436272195575,22
Good,0.9002273470002107,0.9234022300456814,4.719063766916506,45
Beginner,0.44379079637320146,0.5078672868063242,35.30397843326619,24
Good,1.0,0.8320960995004383,15.563853951335549,48
Good,0.8300104664734662,0.8582072675332147,7.959575533530761,51
Average,0.5356849552340609,0.7889957699586043,29.59703748685577,32
Average,0.34121418406259724,0.735502988079243,21.002451734388913,28
Poor,0.23851612282907814,0.014695115488858934,47.04985349379331,6
Average,0.3520245842341999,0.8011809522248696,23.364826875688205,27
Good,0.6975638988595084,1.0,11.69226954895554,59
Average,0.5508366483735262,0.7068362404477874,15.635912180984576,39
Beginner,0.38965643982776554,0.4240977140262929,24.19584776922448,19
Beginner,0.6739140872753528,0.46321661433204375,26.58821837319571,25
Poor,0.0,0.1541193594181751,41.09687595284877,13
Average,0.6271771044053757,0.7285163587612666,18.13927902652165,38
Good,1.0,1.0,17.880789479229623,46
Good,0.974004676517676,0.8559948407477083,6.838192477508796,47
Poor,0.021530439960257386,0.14717029978439775,45.97847201237481,8
Average,0.5916316204899533,0.6863384647295031,16.055289591150157,35
Poor,0.16717766071736279,0.06439236743108542,43.871598736804344,14
Poor,0.23654192496587306,0.07208834189395608,40.21337727960273,9
Poor,0.04641182983192669,0.201242699781574,38.69915738819843,16
Average,0.6766165680702995,0.730966849624409,24.799930365288688,33
Beginner,0.687289072512284,0.3742056710670554,33.0962612220907,12
Average,0.46885650660668854,0.5740076917993484,13.98337135494467,35
Good,0.8674162647920838,1.0,15.305235941502747,50
Beginner,0.28694728976531153,0.4105103841057169,35.052947191097594,20
Good,0.8737734830008169,0.7727368517677028,15.187737913387771,40
Average,0.49639123429847065,0.5150097079242091,28.167222549186697,37
Average,0.6586215438171907,0.6758973163540724,21.524609281418286,44
Poor,0.2461947467138972,0.0,35.876595495510635,6
Beginner,0.6687033422074931,0.42278983461876257,28.307640203656963,26
Average,0.21757236744527952,0.4417840877232546,14.57060913702698,32
Average,0.7560785018763095,0.8390528330269363,20.70118916929376,37
Poor,0.1272525717596969,0.11301702389154387,36.893533297747936,17
Good,0.8132620669324551,0.7496850819448533,8.136510403640544,51
Good,0.9744148377348495,0.9800379194187936,4.652133894993767,44
Poor,0.1464524837756192,0.15092054318107262,41.393133408602836,14
Poor,0.14437163099968484,0.23230095359054576,39.18480588320499,18
Poor,0.09738884446154805,0.0,36.15236458101567,8
Poor,0.30998233885835946,0.0443104625538118,41.55854631545089,9
Good,1.0,0.7431093668602105,16.334699625270215,52
Poor,0.07095859740488521,0.08935256380286322,47.828461683546465,11
Good,0.6489051752521854,0.9421129032093138,12.295776975173949,48
Beginner,0.77131657440547,0.4295150207513806,26.585025829872315,27
Poor,0.1890401957122857,0.10246960143657312,39.778019074570246,16
Good,0.9901635281499582,0.921337241084269,17.233910085554676,48
Good,1.0,0.6956714484285291,17.335123597731847,60
Average,0.8326025284153866,0.7513854268725833,25.577653258878,33
Average,0.6484739669250456,0.7344217529181805,20.92713214687564,39
Good,0.7265971668381561,1.0,7.312975161630507,56
Beginner,0.4415064006422426,0.5249535110152822,36.54475037973962,21
Average,0.4874988738231034,0.7889941379713634,26.27160371416929,39
Beginner,0.21969251790188232,0.5449764145075793,17.891020393264018,20
Average,0.4994299862554317,0.7156809811689699,17.26849553746918,31
Good,1.0,0.7618562427808409,6.162231724454959,45
Poor,0.1732674387294115,0.19705911157789308,43.9350795997391,7
Beginner,0.8558018588996765,0.46863248194628454,33.43591128155871,11
Poor,0.13609938596742052,0.29116751528651696,49.8438696987339,21
Poor,0.1414873631364158,0.0,43.48411236034953,10
Poor,0.020986527467388286,0.3077350332840769,42.21677806722517,9
Beginner,0.22811519698683552,0.392016125862484,30.195694072832328,16
Good,0.9140501938075413,1.0,11.697801057713836,49
Good,0.7884309128153182,0.9378553829136836,11.958666205485025,55
Poor,0.07774994792703906,0.0,35.18992951245556,6
Good,0.7869031032221657,0.7430022211003899,4.72784252973757,50
Average,0.708097203130197,0.6643985281217709,24.192608455251396,42
Good,0.3524187363350777,0.9439975617918023,3.969207556297917,51
Beginner,0.6743302602617076,0.46777998854447483,34.837278792949135,21
Beginner,0.5393005891914906,0.3952168125318335,12.759950492999458,19
Good,1.0,0.7807549280706213,12.457430501790556,56
Average,0.7534046263736982,0.7623574166493015,17.630998099051354,38
Beginner,0.6107368865556833,0.2827935550184678,26.63867772379067,20
Poor,0.010146548718648313,0.25504604019497806,40.1697481809489,22
Beginner,0.5477100348573273,0.35274456090820133,23.066195455826684,25
Beginner,0.24553972786238798,0.4491575993993213,32.744200039883076,19
Good,0.8999967642172857,0.7994426212793526,14.777605483408223,59
Average,0.7140426014585298,0.7303041701008672,11.00257341793227,35
Poor,0.052466878030402515,0.0,42.196863666157924,8
Beginner,0.6933980927856214,0.4111996445422007,21.185298840456262,12
Poor,0.0,0.1433536497750872,35.727526349048354,5
Average,0.5835210581707932,0.7821974994989668,18.299097884622103,31
Beginner,0.5234102618388305,0.3072720723875252,22.462008481251644,29
Beginner,0.6191962093041763,0.38729823404892794,29.788807962715374,17
Beginner,0.7345562136308535,0.35350155434646935,29.319029391963966,19
Poor,0.028754462896563457,0.21661040326260028,47.0506666841939,14
Beginner,0.4684396351392727,0.33906158293167415,33.56356709868959,19
Good,0.491674225269356,0.8433498120571554,8.563825199809123,49
Poor,0.14752901928587445,0.23253142640367924,41.33736052280514,10
Average,0.6398985642271359,0.7702192638989975,16.949737247630186,37
Good,0.8974623379730842,0.821743224141732,10.114003298738846,47
Poor,0.10132824589909005,0.09807395006534302,39.71794382177385,9
Poor,0.060499343794920626,0.0,42.11167479524525,3
Poor,0.1369275542215487,0.10841628517269153,44.19384024514286,15
Beginner,0.5769414981877005,0.39058457268077823,25.70873257405309,16
Poor,0.0,0.09373690146711411,26.7267697737526,21
Good,0.7876809220686886,1.0,3.9580815963445435,43
Beginner,0.44102228822970446,0.514986896531337,37.72705474994941,27
Good,0.8660410478626539,1.0,4.285697910608926,50
Average,0.3421191743319447,0.6680799410174637,20.127811602507126,41
Average,0.7481163595829705,0.5527614155884686,18.22515564210551,44
Beginner,0.5270866865344879,0.4166449932764478,27.72510412436373,19
Good,0.518832961178269,1.0,15.660384392999907,48
Average,0.5032083811515362,0.46322445116322636,25.996196717715335,29
Beginner,0.5495605672618494,0.434966931149233,31.678846375818715,26
Good,0.8271594693204977,0.9273482129135635,4.849502546899397,45
Beginner,0.4056170027834912,0.333392896917714,31.47409197013067,19
Poor,0.013422395742378732,0.23584331978015122,46.5001684533471,20
Good,0.8385114040250987,0.7458538428633501,6.441917349875531,47
Beginner,0.8613099497960297,0.3859087088154691,21.98478846914187,26
Good,0.9278009530672078,0.8869331614686241,13.428650338188364,49
Average,0.7272980964990062,0.7407990306928932,20.13855036484763,33
Good,1.0,0.8382731596240502,28.9465599737451,47
Beginner,0.6331592816868334,0.3615383800173893,38.18011265977809,24
Average,0.454167962881479,0.7614144655120326,19.859392280058838,24
Average,0.863276678358077,0.607139588095663,25.853572432388155,37
Good,1.0,0.8224523728350578,8.782261132379666,49
Average,0.6442777116073085,0.5619820333223766,28.57595765213714,31
Poor,0.08608821580505924,0.0,35.202781855302796,9
Beginner,0.420164454819639,0.3197863033203291,34.56541434150336,24
Good,0.6129885617750779,0.7113042301269116,19.38879265735242,49
Poor,0.048666554081745896,0.031222603934391233,47.84857852787322,15
Beginner,0.39354725993049844,0.3612200077642899,24.008364414612068,23
Poor,0.11225249424015703,0.23810273961886136,43.28562498026871,9
Good,0.7149591695592696,1.0,7.6627924567065016,41
Good,0.8871969683951646,0.7547579514290902,12.127446941672037,44
Poor,0.0824662503716783,0.1460894075256115,37.734510146795465,10
Average,0.640766282985973,0.9418477673897127,21.025800763640344,36
Beginner,0.6538618648110132,0.3097447199216404,26.602779350611833,16
Poor,0.13486889907769758,0.29105949261003705,44.09850361837796,10
Average,0.6595251264853706,0.7722305610089918,22.66653221906532,32
Average,0.6184911756522282,0.8692686253496147,25.5965829281838,33
Poor,0.199496618902047,0.11576844319929717,45.70594120180639,8
Average,1.0,0.6806077070058183,11.294789571589739,35
Average,0.9311416879713228,0.6806075418401943,33.59122208216558,39
Beginner,0.7628902338130901,0.32163656522465006,31.937868202953098,26
Poor,0.10555149973540767,0.1915348463555373,42.939164830732615,5
Beginner,0.4851712301092479,0.33544250022901945,30.014132864046026,15
Poor,0.2102137900286679,0.31816149218191025,47.190049839298844,4
Beginner,0.721291795552928,0.4199001276352112,32.2761616177696,18
Beginner,0.23804765724463528,0.5143576506912417,28.58229881960557,28
Average,0.9212076560629825,0.6927391440025817,19.431087434628306,48
Good,0.9042724450726788,0.7371878563530649,16.740396614262636,50
Average,0.6799366586965272,0.5712673147846441,18.891227713787764,36
Beginner,0.34811405561074504,0.33118954107034526,22.586428288319716,24
Average,0.7294149100702016,0.6908091508351902,11.523401251930537,39
Good,0.7451258435171304,0.9763973610258848,12.381834853342504,49
Good,0.748124058940388,0.7479201868124867,8.024704055355233,45
Average,0.30325000379418665,0.6135568297446408,26.039418727671915,36
Poor,0.07927740812603247,0.2674851910935051,35.34055274171908,4
Poor,0.1349990436468988,0.17713353026335943,47.89379832262353,9
Good,0.7777391184449172,0.8981484877617215,4.797794349925292,56
Beginner,0.3472428014875705,0.44020318230180017,30.63005206990162,16
Good,0.7530958713264577,0.7736017778188343,7.794896440454547,44
Poor,0.1292439919162065,0.21639042317638835,41.263831806691165,6
Beginner,0.23032199930126412,0.4404730016551871,29.124071312548516,6
Good,0.8434376702125539,0.8473984361574,16.398800643339648,40
Beginner,0.2657178911047984,0.2636777455853423,28.98793720471774,26
Average,0.6006386863164109,0.7887195476426505,26.561507313829324,41
Poor,0.04322918391673411,0.0363461305693535,39.24200853656153,12
Poor,0.21545587475965394,0.08831530685183052,39.10876295550178,7
Beginner,0.5829016468736613,0.2872736079317129,28.827608431387322,22
Good,1.0,0.7484745591303801,11.944682629209373,45
Average,0.5307279771717996,0.7175737055448607,3.9679509815074496,34
Beginner,0.3192050526436704,0.37015911210379443,22.215647241570487,19
Average,0.8248720843857411,0.8078404467267495,13.353849282572696,34
Beginner,0.17376693232044632,0.4071325575175469,27.87965256803755,22
Good,0.8813827370051739,1.0,5.236102108911461,45
Poor,0.018552963702481357,0.18317682597566926,42.93871977798116,10
Good,0.7981693992375553,0.9143322340350231,13.19281954391723,58
Beginner,0.6762185279609465,0.38202335188382486,25.740930150511403,12
Average,0.7921250565936353,0.8016832612543853,21.614366437801728,34
Good,0.8611551976147871,1.0,7.652755932250743,56
Beginner,0.2820527162335981,0.5117754812023015,31.314654286010605,20
Beginner,0.7580458978160015,0.4515127306353965,34.743076193072724,23
Poor,0.17122057728879264,0.10395668051923995,38.01948447142908,11
Beginner,0.6113537635463893,0.3182377842882618,34.29908909288658,23
Good,0.8475385386874549,0.9695063073317828,20.58448999650929,56
Average,0.4655725814249706,0.6548938828604101,13.904982147938057,43
Good,0.8132638457076737,0.8559108918070985,16.330949275158716,48
Beginner,0.6050768531332834,0.4251291421660271,33.78140421122009,23
Good,0.4558026784897035,0.9185996735533086,12.711795103254122,48
Beginner,0.6007653356937102,0.3907829902623517,27.423234020235096,17
Beginner,0.2615684547023457,0.42293963476148433,33.007738172170676,31
Beginner,0.5536565052035368,0.38578208252080726,34.66373308646383,27
Beginner,0.6171693211121132,0.5127449317532575,34.07374000079912,15
Beginner,0.5553202142109919,0.3251446281313297,34.44573778082138,21
Good,0.8174442274768253,0.7777425522927738,17.176488210472105,42
Good,0.856692068877624,0.7354201140299461,8.66413834859536,52
Average,0.9074254257388614,0.7580099833367115,22.26366385733846,29
Average,0.36433025570478794,0.7358510854406716,22.93541455189193,29
Good,0.770776262326658,0.9597948318574882,15.689183706781334,49
Poor,0.10499290088266378,0.2986373429380915,42.44548481024528,9
Good,1.0,0.9810856122273468,13.143270092689121,61
Poor,0.0,0.0,38.036242722919184,12
Average,0.9310098302869293,0.6414086532590635,13.467687198889966,35
Beginner,0.23535882670571295,0.4625129215044758,31.534366470542484,12
Poor,0.12520039440564543,0.16580745664807256,38.30169286689471,9
Good,1.0,0.7591750959041254,6.965574947425484,47
Good,0.6648758946142772,0.9985180894783323,8.09226392986529,55
Poor,0.13043531788359297,0.28814933484579824,42.1898746978642,12
Poor,0.043019939806782405,0.0,43.548071611450716,5
Poor,0.09977133269952031,0.1435601486645294,38.853968555477735,18
Average,0.46649805576892345,0.7365683040449703,19.368020284762007,35
Average,0.5111673503346059,0.9210031700939143,25.64648057334594,31
Average,0.6480393737842571,0.7851545115353753,20.279081351989525,42
Good,0.8020121634667748,0.9775608397361657,9.61125772140239,53
Poor,0.0,0.2524252889613886,35.030572538999394,7
Beginner,0.5609826197895379,0.5740382009046385,25.16079318098678,16
Poor,0.1655376590876909,0.03176147525522206,40.96916991927105,17
Poor,0.15453214584084843,0.14895392598496415,44.80672943085506,13
Good,0.7879699733458289,0.8756005522485207,9.47858308583908,51
Beginner,0.32999680183039815,0.2670667368354,22.893538223723198,20
Good,0.9014919153007548,0.8508757670196063,10.008831026253056,54
Good,1.0,0.9100625203591575,11.037804118300965,47
Good,0.902442953069607,1.0,9.981177707133003,42
Beginner,0.7818380903512283,0.34054992387046246,22.369579259481327,23
Average,0.4247397529415683,0.6023278413977821,32.45576507520094,35
Average,0.8589253337056182,0.6960828153532711,24.209791469063244,47
Beginner,0.4724373991944389,0.41000391260587543,32.28317263549662,19
Good,0.8917461887953803,0.9350600659473762,13.949209584003343,52
Poor,0.0,0.0956009301005655,41.202010784504715,15
Good,0.5386897935774034,0.7987133431866484,14.222485637279684,57
Poor,0.10656709963691328,0.2846005673258944,37.97110696470429,10
Beginner,0.722441793889031,0.3452631140511464,30.055728635098905,20
Average,0.6310944669253935,0.5557194093274818,25.013046501002787,33
Good,0.7326560578272371,0.6068819252275541,11.919283248908249,58
Average,0.6887285278012976,0.7062835596021015,15.533628499896125,37
Good,0.3533720911366069,0.9294834049191965,11.116421796302175,48
Good,0.5338750534989072,0.987088093551379,17.78592490874876,52
Beginner,0.17203809151632643,0.22830715095014711,25.022306644406655,18
Beginner,0.3869560725553624,0.5453813440360599,33.809344329378696,17
Poor,0.13698782721828176,0.0736550057751609,40.26732021695132,0
Good,0.9397726699992678,1.0,15.850101825862325,47
Average,0.4497161982832756,0.6969240999076124,13.396522524903133,43
Average,0.6123735385546826,0.6655207538417486,14.204477594984521,36
Poor,0.1019521680048526,0.22200442741062554,37.59241737069586,9
Average,0.8848593916518859,0.6959384260823808,22.515570819991094,45
Poor,0.2671981526256022,0.10480220930513648,43.18153549330874,13
Beginner,0.5581936512715845,0.3978701165547286,29.38987254277762,23
Beginner,0.677833089259496,0.4138428932329301,20.048012789020536,15
Poor,0.014559851870696333,0.2731636545684804,35.24857953786678,7
Average,0.5411236561085969,0.6804001074050698,27.243978660892587,41
Average,0.37515275401287596,0.7086770442866887,28.143913391050866,35
Average,0.38094810225095777,0.6901959808091067,20.120344884214735,38
Good,0.9235827374740762,0.9288972745816588,10.930478534956132,54
Poor,0.17871102457227003,0.10032370057943513,50.78710806132533,18
Beginner,0.5401674766312624,0.3832504674934566,29.36356413918642,18
Poor,0.4002539145101942,0.1665243886833344,37.86442892907858,16
Beginner,0.5732582413300595,0.28045076491349075,30.58095111297337,25
Beginner,0.5845092876163984,0.2265181277167663,31.044988419522348,26
Poor,0.18625220277649585,0.28299571706889226,35.38538256324358,11
Beginner,0.5676039052884692,0.37986834846002826,35.99382269950652,21
Beginner,0.16935627796434954,0.4998728509667669,31.427910640620546,16
Beginner,0.618744775947206,0.4460806708400787,30.307017915532423,13
Good,1.0,0.954271244463714,7.507117210130441,52
Beginner,0.5305016898909718,0.3266662370952293,33.635559253141274,19
Beginner,0.280841680570433,0.40966943706154973,30.745849140173405,15
Beginner,0.21034041870529963,0.43896443254988393,23.606815291127237,18
Good,0.9635851811005983,0.8384660097953112,0.0,54
Average,0.7257164505843046,0.8778221716167369,31.14433089449316,33
Average,0.6878482095745785,0.789293470820255,23.228853421797965,29
Beginner,0.758306328982105,0.4733203752766757,39.45403896546973,24
Poor,0.0,0.1544481426408003,32.18510049074644,4
Good,1.0,0.886125240485787,20.733184166964985,56
Poor,0.0021371561145177576,0.3416925713755467,45.21297155633988,10
Good,0.8941927189041609,0.8046227135746985,9.38910426302745,47
Average,0.4466445110757108,0.7184760250119124,13.732475589405098,38
Poor,0.06086596085777908,0.20090176934152235,40.08282112740979,9
Poor,0.028643794834617917,0.16604160083375383,37.55040470289553,7
Poor,0.14667306894069862,0.058145061373059415,35.48156571877218,8
Poor,0.0537457931547862,0.22164464632357267,43.8250219456258,4
Average,0.45089279494495266,0.666061364405381,19.911838424783355,30
Poor,0.22794627582089788,0.06832370614556095,27.253729119680997,9
Good,0.807856333912059,0.8630394364112282,11.454068892221057,55
Beginner,0.4097573667457737,0.5151911599020002,34.5581584059566,28
Beginner,0.6663063417756665,0.4700435084240265,24.472122988599615,22
Average,0.6582750315254107,0.7829223339062844,20.970954640219592,35
Beginner,0.35550539222552013,0.32220477504869327,32.671278972407336,21
Poor,0.17641639638764586,0.34043990620269227,41.11063519885949,7
Good,1.0,0.9362052626405906,13.455979098244097,43
Average,0.18629358860956358,0.6238047798882589,21.521197588373965,47
Beginner,0.4892256487409551,0.35290770304931246,39.545603830313546,22
Poor,0.16250088077166958,0.2795778886243468,48.172623039736,5
Average,0.7226235618436685,0.7634460218016669,20.71499013982409,32
Good,0.6294986260841415,0.9556600307981999,7.894640092968368,47
Average,0.7079371487576795,0.8244282719782143,15.190802410796326,34
Good,0.7630260548171437,0.9355507129479388,17.08444154726418,51
Good,0.8241230174568054,0.728071013952762,3.3005104029862906,58
Average,0.46800123243127467,0.66505032966784,33.79491306416858,39
Good,0.5980460469850399,1.0,4.145057823316952,47
Average,0.5791204309062001,0.8047998686499411,12.635045289568598,43
Beginner,0.2555340333434314,0.3728746568033866,36.1307681692427,26
Poor,0.1798617189288508,0.0,37.83774228867564,5
Average,0.9974501414950422,0.5985668102999895,20.96692334821153,43
Poor,0.10968835860148987,0.16756962458864286,38.31280571272059,7
Poor,0.19952871963233487,0.17193920511274113,47.32287859126313,6
Beginner,0.6893589782724874,0.46228770898623384,26.171911099509032,17
Good,0.564361279024095,0.981990060783128,4.866511738425803,54
Poor,0.03991022238484503,0.21097500948039621,31.185126789128446,12
Poor,0.0,0.15643980985268888,41.44461428173354,10
Average,0.8751650033860552,0.9861235246739841,29.285344767155436,32
Average,1.0,0.7856834840938897,13.917801300307485,38
Poor,0.0,0.178348879123267,37.45811882578514,13
Beginner,0.706488161154454,0.354310288320556,24.67097687878268,26
Average,0.6714069034921513,0.7310794567268168,19.69392000712697,37
Average,0.49644252781430354,0.6664299911331523,18.747152773638188,46
Average,0.7597344953711497,0.6734126011490138,25.30939680111701,33
Good,1.0,1.0,7.862686354781063,49
Poor,0.013150779526379913,0.08769893138204718,41.25249527081725,4
Good,0.8246430745137907,0.7900404032150691,8.699212017015148,56
Average,0.6221428878641264,0.7589855043996996,19.78057004947684,34
Poor,0.13603541741045563,0.32849541095809337,39.41253635657052,5
Average,0.4658855010034183,0.9145158190721913,18.798301941801554,40
Average,0.8998031034941953,0.6674813072230156,20.404124940155565,41
Poor,0.10612660018193967,0.24562350679987305,39.63650647839753,11
Good,0.6843159338138745,0.9868897904439542,2.368460094528344,54
Average,0.8274086211699028,0.7318037793673309,23.44773017644836,37
Average,0.9959065070702285,0.7298235646339487,18.962675197062733,34
Poor,0.0,0.1199419532276269,40.78575752124976,3
Average,0.015878935387924176,0.7080189277395814,20.970757440259263,30
Beginner,0.6288749762903026,0.36986233313577066,37.08743811118126,24
Poor,0.04073575066377799,0.24255233191475442,40.56349011214462,8
Average,0.6887684943497596,0.728921146272289,21.88079681760452,37
Beginner,0.37816903633659776,0.5596266787841859,31.438431231410064,17
Average,0.1750083740986898,0.7077906637977324,22.984680698380174,40
Beginner,0.6316507544713933,0.4316491974535389,32.762901698157684,25
Average,0.5929244601899116,0.6775785386188903,26.74802605991663,24
Beginner,0.43369448084975654,0.3836010983791732,31.186772425970357,21
Average,0.46943159525358186,0.834814645430042,20.04027003188912,36
Beginner,0.6339513275573501,0.5298236481386357,25.770593010847964,25
Good,1.0,1.0,0.0,52
Beginner,0.7072426708054549,0.26634968898507894,27.33987900092911,16
Good,0.9384274621995946,0.9545665887199178,5.793806604950361,48
Good,0.751210959646973,0.7427689765883063,5.713759469558037,40
Poor,0.037852155640446854,0.012228739133355954,39.6764783982302,10
Average,0.43686757244887087,0.7023162433762585,16.027837558858412,30
Poor,0.0662433785504154,0.12714704796416337,41.788489942482045,2
Good,0.7686506234831927,0.8883940701401662,7.3552553244847525,50
Average,0.7911337948778359,0.6997194012394639,27.15421334832016,35
Poor,0.05138281482400332,0.10598617216653776,38.86651123090182,8
Beginner,0.7165278418314545,0.374287191551816,25.738478664385216,21
Good,0.7776638904464931,0.9231539266172624,11.886078187786262,56
Beginner,0.8158889053250216,0.4524719550003751,27.465849802419825,19
Beginner,0.5355429585428134,0.1654428312741017,33.957479646779795,11
Poor,0.07315468488886834,0.1112042406022303,46.38881970546937,13
Poor,0.1931645263731912,0.1783520814719652,36.10841197807608,7
Beginner,0.5309661096658568,0.4476682076614814,34.46255672677105,30
Average,0.6564736838855761,0.6887478366782124,15.733961789178277,40
Poor,0.17813771558188848,0.05458842036819421,45.21701227783839,2
Beginner,0.3225133005361479,0.5683640124257561,26.769451753479906,22
Beginner,0.5286217057105741,0.3112663135180718,40.41877538160192,29
Poor,0.0140546758910194,0.1109401119264511,43.318712756727194,10
Good,0.29131532014962525,1.0,8.932766811927163,44
Average,0.5401829150211166,0.6991809208523342,16.743202619528205,37
Good,0.6324380396269293,0.944171329434252,8.562095204291433,51
Good,1.0,1.0,12.922230279513332,54
Poor,0.029431540494350178,0.0,38.03451791496297,9
Poor,0.03915098819630213,0.0,36.144159119302486,11
Poor,0.0067589639988367145,0.1983945452988743,41.08221284789224,13
Beginner,0.33060578606826924,0.23089365294850447,28.113598045834703,14
Beginner,0.4030426229533053,0.3770947616657616,23.91078959538643,20
Poor,0.14270412064700894,0.07586104020402258,42.57886171644237,13
Beginner,0.4429249485905001,0.4527175317281634,38.895624927549434,15
Average,0.7964101279902518,0.7073277089353355,13.933257416068491,41
Good,0.9527595768715668,0.8543261485860885,1.745820119614958,49
Poor,0.08668564209454992,0.19638378048489707,47.03373963347942,6
Good,0.6374567194482992,0.9087673952359308,13.233319561195437,43
Good,1.0,0.9537591987301433,16.358390990163425,51
Good,0.6833912334446609,0.9345989371309961,5.88987485024812,46
Average,0.8791669474038368,0.7541152623711698,14.41093457561428,32
Good,0.9704040614551805,0.8758986130176318,6.23288705933482,44
Poor,0.2818645565689014,0.05492082148307198,39.768380595537046,13
Average,0.44502268522199917,0.7614223524428946,20.351864201685405,41
Poor,0.1688989251728147,0.2663136208869503,45.69357238287398,7
Beginner,0.230190133633359,0.4691011352274025,19.59449421107079,18
Beginner,0.5533764859154369,0.4660363788831991,27.550037810140154,12
Beginner,0.0667164496564363,0.5440086235801425,26.123132584817768,19
Average,0.13945637865570898,0.654041189972164,27.057353165240983,31
Good,0.8384805734174748,0.9224756670686729,4.789361118375335,49
Beginner,0.729084286354376,0.3607506229592906,22.9477738271708,19
Poor,0.07552312430099282,0.0,35.78422120877114,5
Beginner,0.8658379877907971,0.4756426744726706,25.498513748742816,12
Average,0.37443439814546586,0.6789286691882065,19.760790593780975,32
Good,0.9147692935199561,0.772919538242802,15.139959034482196,52
Average,0.3996881854150395,0.7240037978932027,20.08387966174411,31
Good,0.9686582140193509,0.8718863285883265,16.974628496357536,52
Good,0.7480084365470729,0.7796068013523945,13.609278470361184,56
Beginner,0.5059883540479251,0.48986002693495423,32.32074125935291,19
Poor,0.12745983106342676,0.17492010509199235,42.39130974575795,2
Beginner,0.30777599988162574,0.40446539118328817,35.67077317191405,16
Average,0.6377428221038214,0.6559917482833219,15.222641620935084,40
Beginner,0.5623537341302727,0.6858127553109133,33.03121153247809,23
Beginner,0.5927068386811575,0.22523907716243993,20.02645514843577,23
Good,0.7539358381533837,0.9368891986365072,17.55839487026238,51
Beginner,0.49708069876165206,0.47169726647837174,24.68403479800974,22
Beginner,0.22158123817279274,0.4302350121260491,31.938462920200347,17
Poor,0.08471281268914575,0.0,48.50773896426712,0
Good,1.0,0.9024978700536517,4.317667685558062,51
Average,0.42090898260461085,0.7641782658730364,20.959011616172187,35
Beginner,0.6206985691275199,0.3752887549687747,20.804500661028644,16
Beginner,0.0,0.5128546034008534,25.281610682270152,24
Beginner,0.2760001247099273,0.5219003729873104,31.103506582339655,19
Good,0.6569218913533311,0.8004611227336178,13.973964186255401,45
Poor,0.1703668843136037,0.004717497994705638,45.46193613613086,14
Average,0.65481850799304,0.7032242268380156,21.79542532756957,40
Good,0.7985237350617495,0.9209827648875482,13.764249896084713,63
Beginner,0.8685338026824884,0.3580736096062417,26.495431504155597,19
Average,0.6227258463714249,0.6489794780732122,16.712494312391932,40
Good,0.9494837957744562,0.8126448980062336,7.202324037701197,50
Good,1.0,0.938458536015532,9.853059775361778,65
Average,0.34615078682235945,0.5535733580549855,21.100392507005537,37
Good,0.5979305469893563,0.8346811540316272,2.3845995537509257,46
Beginner,0.0,0.27338220333958047,32.23999055372325,17
Average,0.8426503401475649,0.7294508317707356,9.628063022512423,35
Beginner,0.3350395960923629,0.4340316106295056,15.20293412397995,13
Good,0.8033988178833993,0.974588373727563,4.3022830039133435,51
Good,0.7513003494748333,0.8955165885972962,6.5558304964290155,58
Average,0.7573823788256102,0.711763719102984,13.368808830561964,30
Beginner,0.18974961749178704,0.4194344899319372,29.504273883295852,22
Beginner,0.5847286091438133,0.5319703445557319,34.73612698659203,17
Beginner,0.25964324748088047,0.302545408643194,33.51141417512376,19
Average,0.5498477257376116,0.7830747755643511,29.88288630496799,41
Poor,0.09607313945988287,0.26195028956107097,37.335111828615425,9
Average,0.33124984868319335,0.6503822078849074,21.28129871982077,33
Beginner,0.5657868263845744,0.419848630492197,22.180175249417374,13
Beginner,0.4795913672311668,0.2660435954270944,29.17113279082271,17
Good,1.0,0.9477173210733381,16.226872726241236,45
Good,0.815837713364482,0.8053429250597797,6.588018618608896,42
Beginner,0.5729341266632191,0.38308406744366963,24.21328883760812,20
Poor,0.11453762081657452,0.009960525667573189,36.52565991683055,4
Beginner,0.9080208161947648,0.329848934607447,24.79986863055222,12
Good,0.5923380722026266,0.8721508990031253,6.428159838484963,46
Average,0.5594550521006163,0.7115220937225053,18.30426349981235,34
Average,0.426680417470239,0.6169635291525328,28.002021356337117,42
Poor,0.0,0.012538790913022235,35.836184482916735,6
Poor,0.22268130701275582,0.41077799474921034,32.95615958092124,9
Beginner,0.5946172786105993,0.29100932249708,22.486010935750084,21
Poor,0.08750215021894281,0.016511295637119727,32.63897481629849,2
Beginner,0.22059268306881574,0.4464484418151364,27.458538866234186,19
Good,0.8523841827878046,0.8302090955067645,9.256943217842302,54
Good,0.7489720495684425,1.0,10.564163970958406,37
Average,0.45653933844570393,0.6390903399677863,19.183762654402052,29
Beginner,0.6220769648690069,0.297045240828674,30.06362869239506,25
Average,0.5345373613769071,0.7223529013743855,21.691788013681712,35
Beginner,0.5578586861959742,0.37120020953499683,27.51142450632608,23
Good,0.4236595374767176,0.891796140713494,17.54088018022385,46
Good,0.946204766853607,0.6058893927273346,7.389404532037629,52
Average,0.502421777045917,0.9210861551686224,11.229512048890356,36
Average,0.5915579536398359,0.7706551048752849,22.54858915988377,31
Good,0.7064463611666938,0.8667752452713833,5.048371007198672,48
Beginner,0.31163941877003865,0.3695112797676886,26.30267930311251,24
Good,0.6148659597052529,0.9014540063711303,16.12364821495769,52
Beginner,0.31962827249995784,0.3824245617231222,30.556154191838136,21
Poor,0.14096359287727622,0.19300053204606235,41.03848360386175,15
Poor,0.0,0.0,37.51351410632439,18
Poor,0.14605288687623333,0.15632129117628307,38.95527120535794,0
Poor,0.10158546833859262,0.08297260439643489,38.9515411236853,14
Beginner,0.07147339290159144,0.4213179358343509,28.65273812353056,10
Beginner,0.38494686425811386,0.4804015318671946,37.526087411957626,14
Beginner,0.6551121250871429,0.49948362092113857,33.067411342417444,21
Average,0.39905740120783495,0.6885548454364767,23.009606796709942,33
Average,0.6145068463067206,0.7027633150890419,22.65399272107822,38
Good,0.7610619617923766,0.9783475712210519,5.932268354720477,55
Average,0.7506328212469576,0.580095242372706,19.403037373318305,31
Beginner,0.46757318332499764,0.32053594814445147,23.511352479497997,21
Beginner,0.5726391254044585,0.6768700301084292,32.22271362037007,28
Good,0.9689234688127681,0.9174990003211742,16.15248740617632,53
Good,0.766506176883847,0.8909886120942797,13.866042052413498,49
Good,0.8957090440351734,0.8834666109936319,7.047293226974665,53
Poor,0.23881601879065392,0.2198030714111234,40.79657732571366,8
Poor,0.1997949020032615,0.20839536794614139,41.533735854465235,15
Average,0.3372651377524548,0.791264925433397,20.64173706143943,35
Good,0.8732902259046165,0.9480611116301161,1.0476120750880966,59
Good,0.9166544072640851,0.7921422605884845,8.77141572929722,52
Average,0.7657441762630399,0.6616751688510294,22.655331887957644,34
Good,0.7083628648253684,0.8249759416468885,10.230057263415704,50
Good,0.5032624034130535,1.0,7.144616898863869,50
Average,0.7234722525885594,0.5646615479672566,26.878977141754063,34
Poor,0.014440139231254936,0.1579649480158636,44.18929609067742,15
Poor,0.22699697425297483,0.14751069386572366,35.94083557121331,11
Poor,0.08059383522368739,0.09883425368485889,42.256939258041044,5
Poor,0.059515864042243065,0.03558240171453607,40.39301405727177,27
Good,0.7136432428392718,0.86728285724678,12.208963368484618,51
Average,0.31741451262001835,0.8555498809621387,10.102772134089363,36
Good,1.0,0.9251499908522829,12.971526513295125,51
Poor,0.08122206426601397,0.1432998834045552,40.39731054739276,13
Poor,0.2515924727972182,0.2641552789185523,47.84978643790435,13
